Variable,Importancia
MedInc,0.5248714775266793
AveOccup,0.1384428140532659
Latitude,0.08893574160843594
Longitude,0.08862881090121001
HouseAge,0.054593218076861766
AveRooms,0.04427184750632705
Population,0.030649781480378356
AveBedrms,0.02960630884684169
